lat,lon
31.595184959313404,34.4915556290724
31.599620805667744,34.49476895348188
31.60189303566763,34.49632172648201
31.60442077766746,34.49829596448214
31.607289353667305,34.50025655048225
31.6141076626669,34.50519745448257
31.619547551666557,34.50883488748283
31.628974242665972,34.51554581248332
31.63318928766575,34.519235338483476
31.634458118665545,34.51767233848364
31.63622814366535,34.51770153648376
31.636949718665267,34.51740697548385
31.636744092665403,34.5187409044838
31.635409642665664,34.521003998483614
31.636524255665606,34.52215352448366
31.636918008665695,34.52390151848361
31.6383334776655,34.52319442948375
31.639619006665423,34.52485516748376
31.641619240665378,34.526918298483835
31.64401170066526,34.52867267048395
31.647467577665058,34.53176348348412
31.64854016366499,34.53232971848417
31.649873241664952,34.533403971484226
31.651344007664793,34.5341803704843
31.65754359566446,34.53917741748461
31.66031040066434,34.54120709948473
31.662976291664176,34.54335628648485
31.665743030664004,34.54538620848499
31.667076000663926,34.54646084348505
31.674355850663485,34.5515701474854
31.677291318663244,34.552347091485586
31.67878525466319,34.55427909048565
31.680431970663015,34.55452495648575
31.680664063663095,34.555872351485704
31.68223316466301,34.55761458348579
31.68383719366278,34.5563267554859
31.683814156662898,34.55818706748585
31.68545181266291,34.56097675048588
31.686559651662808,34.561595957485935
31.691221764662533,34.56498134848616
31.70737195566151,34.575693583487016
31.710529654661304,34.57779271048711
31.716375552660928,34.581453112487445
31.729739690660068,34.59007736948813
31.73993894965945,34.59657909348862
31.746583093658963,34.60086890248896
31.769130364657443,34.61446976849013
31.78379917665646,34.622686593490954
31.78514770665635,34.62374450549098
31.786511780656298,34.62425331249107
31.787854608656154,34.62505264249115
31.791636966655915,34.62717209349135
31.793056093655736,34.62659344649149
31.793442603655805,34.62831870549148
31.79516421265567,34.62943572149153
31.796672830655464,34.62868277949169
31.798298394655415,34.63079050349172
31.80118829765528,34.632736738491865
31.809572714654646,34.63677246049237
31.814279915654268,34.639164416492605
31.816350243654107,34.63989943449274
31.817692767653973,34.64045441449283
31.81836785165393,34.64016602849286
31.818580162653944,34.64097645949283
31.81929955865399,34.64246842749283
31.821232721653715,34.64118972049304
31.822096490653433,34.6388906544932
31.823083363653378,34.63965062949324
31.82083406865386,34.64305040649293
31.820857042653913,34.64409202049292
31.824439291653285,34.64037356549329
31.825681048653138,34.6398770874934
31.82385916965366,34.645018331493105
31.8248171466536,34.64597492949316
31.82715158165306,34.64087502049349
31.828501737652957,34.64133990049356
31.826488091653477,34.64702190249322
31.827197034653462,34.647750659493234
31.830427979652686,34.640589491493735
31.83137899165254,34.6398424074938
31.831154385652763,34.64334422349366
31.83170805965282,34.64508279149365
31.832148766653113,34.650400947493495
31.833953045652926,34.65087914049365
31.834377642652505,34.64453851749387
31.836061391652297,34.644039368494006
31.837730771652474,34.64935118749395
31.837563646652637,34.651952787493876
31.83916232765249,34.65218814849397
31.839368776652535,34.65313667849395
31.843717278652214,34.655541363494166
31.84413360965211,34.65479968549424
31.844364688652117,34.65505714349426
31.845534039652055,34.65646856349431
31.861539403650905,34.664465248495176
31.86974918465031,34.66863459549565
31.875313778649925,34.67136272049594
31.887680219648992,34.67742681649663
31.88768077164901,34.677427087496646
31.89361921564853,34.68013350949701
31.90107982064795,34.683748533497415
31.914035865646987,34.689655451498176
31.916202844646822,34.69076210549829
31.918918796646636,34.69214919549842
31.91914081564661,34.692417586498465
31.920624814646487,34.69290577749854
31.92132775164641,34.69313702749853
31.92159904664638,34.693226278498564
31.922752211646287,34.69345494149867
31.92463568864622,34.69618633749872
31.92592235464619,34.696610033498786
31.926976282646088,34.69695709849884
31.92736900464608,34.6973222874989
31.92798033764602,34.697890768498866
31.92818196564604,34.69818332049888
31.928858346645924,34.69817961449896
31.929534642645915,34.69817590949897
31.92953617564591,34.69856060949898
31.92953674864589,34.698704617499
31.929789912645894,34.698703231499
31.929987640645844,34.69870214949899
31.929988108645848,34.69881965649901
31.9299897446459,34.69923085949899
31.930407478645858,34.69922857549901
31.930440636645855,34.699228394498995
31.930891528645812,34.69922592849909
31.930893422645813,34.69970241649902
31.93089362964579,34.69975464449903
31.933933933645687,34.702733007499155
31.93473741364566,34.703704558499204
31.935312485645646,34.70434650349921
31.93881482064542,34.70631573249939
31.941373859645257,34.70784427049954
31.94447559164499,34.70900629949973
31.958671025643874,34.715220843500525
31.9711132626429,34.720417979501256
31.978551538642307,34.72356883650171
31.980366088642135,34.7240777945018
31.985324885641766,34.72617871250206
31.99593861864089,34.730434599502715
31.99933128264063,34.73138664350297
32.00067693564052,34.73191945650304
32.00204055964043,34.73243100650312
32.004059030640235,34.73323027850323
32.00610445764005,34.73399766450337
32.00812291763989,34.73479700450352
32.01071377863966,34.735769171503655
32.017735436639136,34.738055133504055
32.022856782638655,34.73868197450446
32.026850748638296,34.74026420550467
32.03053005663796,34.74129753150488
32.03227812263783,34.742343478505
32.034092588637705,34.74285309150513
32.035434656637584,34.74365624850516
32.03680368363752,34.744427501505264
32.03775035163744,34.744994111505285
32.03950641363724,34.74494321150545
32.04039527663713,34.7449600955055
32.041307485637034,34.744402527505606
32.04356184263683,34.74546305850568
32.04384435363682,34.745569131505746
32.04424362463679,34.745719046505776
32.04454369563676,34.745141773505786
32.04489899863665,34.744458234505814
32.046060149636524,34.744916334505874
32.047136139636464,34.745340846506
32.04766556663641,34.74554972650598
32.04830542163646,34.74675759450604
32.04845817263644,34.74710839150599
32.04875589963645,34.74728214050601
32.049980928636295,34.74799706550608
32.050254300636325,34.7481566075061
32.05146736463624,34.748330121506164
32.05167494563622,34.74914765350619
32.054966163636,34.750804474506346
32.055906923636144,34.754511518506305
32.05763274163612,34.757050179506365
32.06180808463584,34.75972509350653
32.06333424963565,34.759534921506685
32.0645327556356,34.76033331950669
32.06831734063528,34.761617755507
32.06975910963519,34.762825772507
32.07475528163476,34.76403178750737
32.07607887963468,34.76491365150744
32.07792570063445,34.76538551750757
32.07968963663432,34.76595554350765
32.083792709634004,34.76694629750792
32.0846831126339,34.76753955150798
32.0851037566338,34.76694005150801
32.08534917363378,34.766698512508036
32.08553624663382,34.76754053550805
32.08627252763379,34.768132470508064
32.086966499633654,34.76794633850811
32.08734525663372,34.769120814508106
32.08916432963354,34.769659933508215
32.090300971633404,34.76935507450834
32.090031012633354,34.767967201508355
32.090483985633284,34.76751699550836
32.09105042563338,34.77006686050833
32.09241936363328,34.77111840650842
32.09347423063306,34.76930809750856
32.09462166063297,34.7695483555086
32.094487605633105,34.77161245250854
32.09934421163274,34.77330525150886
32.100914351632596,34.774324700508934
32.102869526632475,34.77533876350901
32.10521891063228,34.77560919850917
32.10555744763222,34.77640144050921
32.10530937963233,34.77700436750916
32.106126050632255,34.777194170509226
32.106276332632206,34.776841692509215
32.10802365063201,34.77641877850937
32.10837510263188,34.7755944485094
32.10860593663192,34.775852942509445
32.109228199631914,34.77734488750944
32.110867510631785,34.7779614365095
32.112214736631735,34.77902532450961
32.113578157631615,34.779538176509675
32.114923596631485,34.780072339509736
32.11673789763135,34.78058313750985
32.120248893631036,34.7817595225101
32.12078881863094,34.78109398051013
32.12129368163087,34.78110380951017
32.12314159863086,34.78334630451025
32.13798449762964,34.788931826511146
32.14608208162893,34.79157678051164
32.149862847628654,34.792844477511885
32.15719982462793,34.79478386051234
32.15719985562797,34.794783847512356
32.157706673627914,34.79457736151238
32.15803544162785,34.794443414512415
32.15803200262777,34.79338333751247
32.15802855562772,34.792323294512485
32.158479436627694,34.792321265512506
32.158670923627724,34.79318456751253
32.158932724627704,34.7931143345125
32.16014757162754,34.792788422512615
32.161287950627425,34.793127025512696
32.16283196962727,34.793585492512825
32.16290818262727,34.79360812251283
32.16209195962746,34.79416060151269
32.16131112262752,34.79468911751265
32.1616441766275,34.79495727651264
32.161911633627504,34.795172621512684
32.16193829862752,34.795292866512675
32.162098519627534,34.79601540651263
32.162707638627445,34.79601268951269
32.16300028262742,34.79601138451272
32.163359308627385,34.79579581651277
32.163599388627375,34.79565166551276
32.16412216762727,34.79441649151285
32.16461371762712,34.7932550655129
32.16480033062719,34.79494284751289
32.16495641262725,34.79635466351282
32.16509425262726,34.79667759151284
32.16516000662728,34.79683163951285
32.16525810762728,34.79706147251284
32.16683118362708,34.79678407551297
32.16762898762701,34.79664338651305
32.167723908626975,34.79675866651305
32.16819403562698,34.797329633513066
32.169095728626885,34.79730388051313
32.16953954362686,34.79784288251313
32.17181640562676,34.79958360651324
32.17677281562628,34.80098101351357
32.178118155626194,34.80151585051361
32.18311353262577,34.802782161513946
32.189400261625224,34.80464747851435
32.19469962762469,34.80584003151472
32.19707357562457,34.807265255514835
32.199010709624396,34.807811714514976
32.20495061162394,34.810174281515316
32.209722095623555,34.81197272351559
32.213757955623215,34.81357832751586
32.22495917562226,34.817801528516526
32.24936271362021,34.82577081551802
32.25485673461971,34.82716610251835
32.259797396619334,34.8289033795187
32.270785291618324,34.831605014519376
32.28392834261715,34.835512851520264
32.29907248461591,34.84026514852121
32.319351287614126,34.84597226752246
32.325748276613574,34.84758198452288
32.32704332361329,34.84598384052307
32.32884612661308,34.84573494752317
32.327407674613276,34.846563860523034
32.32890588561323,34.84810063252311
32.329980782613035,34.84677414052321
32.331132694612975,34.84702852252332
32.33060584961302,34.84760727152325
32.332087068613,34.84921289552328
32.33927916561234,34.85120129852373
32.34464273061187,34.85283452052406
32.34763647161157,34.853495818524294
32.353230834611054,34.8543745965247
32.35456780461099,34.854920860524736
32.35689540561076,34.855564621524884
32.36180325961032,34.85646647352523
32.36963825160958,34.85844390352576
32.3751925676091,34.85967161652611
32.37847999260881,34.860673395526305
32.38121305460856,34.861429701526525
32.3898933806078,34.864075383527044
32.39658209060719,34.86555454152747
32.40127026760668,34.865317882527826
32.40389644260644,34.865430812528025
32.405123884606375,34.866982383528054
32.409429290606006,34.868174446528336
32.413601003605706,34.870302221528604
32.418012428605344,34.87193097952885
32.4222640876049,34.87271353252908
32.425950794604645,34.873608928529386
32.427709163604455,34.87432828352948
32.42902263660435,34.87426210852955
32.430452794604214,34.8743237405297
32.43127182660417,34.875359750529725
32.43297117460398,34.875274144529826
32.43533184460381,34.876407537529936
32.44036167260336,34.87796413253025
32.441495753603135,34.87651191053043
32.44299933160307,34.87744317453049
32.444093123603,34.87804713353053
32.446231669602746,34.87793946853071
32.448912317602556,34.87903663553085
32.45020179560241,34.87897176553097
32.45150166460228,34.87977705353101
32.45880770960165,34.881620180531534
32.46014454660154,34.882167469531595
32.461515620601446,34.88267414353171
32.46285245160133,34.88322146353174
32.466060386601,34.88372165853196
32.46690609960079,34.881591294532136
32.46759032560073,34.88133305953215
32.46728896560083,34.88231017753211
32.46737032260089,34.88346117253209
32.4673925066009,34.883775050532066
32.467395171600906,34.88381275353209
32.4694034276007,34.88451826153217
32.47184586560048,34.88537634253236
32.471860561600494,34.88538150553233
32.47210853160046,34.885039908532356
32.47237430260042,34.884673785532414
32.47241302460041,34.88462044253243
32.47232982460035,34.883443321532454
32.4723102546003,34.88316646453244
32.47244920460029,34.882605235532495
32.472689877600196,34.881633106532504
32.47269795160019,34.88160049453252
32.47300555560026,34.88317581353249
32.47329900160032,34.88467873053248
32.47706852360003,34.88635100553268
32.47859023659991,34.887026125532806
32.478867790599864,34.887149267532784
32.48037571259976,34.88752126153289
32.48410586959945,34.88844152153315
32.48416298859939,34.888455613533154
32.488799785598935,34.888704888533475
32.49310040759849,34.888936112533784
32.493535674598455,34.88922065053382
32.49408796459846,34.88958169253381
32.495112438598326,34.8894809295339
32.49533926259832,34.889458619533904
32.49556564759825,34.88947930353397
32.49601571659821,34.88952042653397
32.496467441598185,34.88947604153404
32.497098421598075,34.88941404253405
32.49759349659805,34.88973768653407
32.498029084598045,34.8900224455341
32.49894786659795,34.89026541853419
32.500028173597855,34.89055111353424
32.50009429459786,34.89056860053422
32.50052765059779,34.89052600053428
32.50082400759779,34.890496868534306
32.500869580597744,34.89049238853427
32.501426492597666,34.88972501753434
32.50196227059757,34.88898675153442
32.5023671515975,34.88871394453449
32.50278250659746,34.88843407653452
32.50281879959746,34.888409622534496
32.50232741459756,34.88945625453441
32.50205291259762,34.8900409205344
32.502105528597674,34.890785902534375
32.502126528597714,34.89108324053435
32.50212873559768,34.891114496534364
32.50278156259762,34.89105032253444
32.50420247459747,34.890910641534525
32.504812386597386,34.89130942853456
32.505554194597366,34.891794462534605
32.505728500597314,34.89190843453462
32.506846223597314,34.89343049153463
32.507055577597356,34.89371558553464
32.5072984805973,34.89396109853468
32.507767435597316,34.89443509753464
32.50789235859727,34.89456136553468
32.50978051359717,34.89554792553479
32.51044929959711,34.895897377534794
32.51058962259709,34.8959706985348
32.51226237459688,34.89580636053494
32.5132883855968,34.89570555853508
32.51383946459675,34.89606597353509
32.51471073659668,34.89663580953513
32.51564803659664,34.897125597535165
32.5170113695965,34.897838029535244
32.51704443159652,34.89785530653524
32.520378032596206,34.89817275453551
32.52310565359595,34.89843251353566
32.52557239559571,34.8992204005358
32.527205459595585,34.89974203153593
32.52743790559557,34.89981628053591
32.52850544559548,34.900274967536035
32.52916467459545,34.900558222536056
32.53098056859523,34.90079776653614
32.53442785159487,34.90125254053644
32.53448675159487,34.901260311536376
32.537071743594616,34.90077802353659
32.539318921594365,34.9003587395368
32.53977983059436,34.901568930536776
32.5401563795944,34.9025576535368
32.54057545959433,34.90277673653682
32.541914728594264,34.90347688153688
32.54289707659416,34.90399044953692
32.54439568059402,34.90416588153701
32.5486557545936,34.90466461253737
32.54910698559356,34.90471744153736
32.55218411659323,34.904985693537604
32.55512575559299,34.905242150537774
32.55714852059286,34.90656595653789
32.55828355559277,34.907308814537984
32.55918261559268,34.907625239538035
32.55987439759262,34.90786871753803
32.560534602592604,34.90815251153812
32.56119474959249,34.908436285538116
32.56211090659243,34.90867890053816
32.56443262759221,34.90929375753833
32.564805213592216,34.909392431538365
32.566398302592056,34.90973026353849
32.567543997591926,34.909973228538554
32.56865508859187,34.9102555935386
32.569766054591774,34.910537934538674
32.570910480591664,34.910780654538776
32.57205506859154,34.911023414538825
32.57316338359146,34.91130513153891
32.57649922259115,34.9121530925391
32.57993298359083,34.91288135053937
32.583483284590514,34.913634383539566
32.58371346159049,34.913683206539645
32.584017228590454,34.91371882253964
32.585796284590266,34.91392741453974
32.589687699589874,34.914656101540004
32.59006864558986,34.91472743954004
32.59576683058934,34.91571088754042
32.595957481589295,34.915743794540425
32.59730059658917,34.916021304540564
32.59898482758903,34.91636930554064
32.60022771158891,34.916277803540744
32.60083137758886,34.91623336054074
32.60181188658876,34.91654021254088
32.602697518588684,34.91681737754093
32.60417352558855,34.91698921954101
32.60687276058824,34.91730348754121
32.60690040058824,34.91730670554118
32.608119213588104,34.916519107541305
32.60860434058801,34.91620561054138
32.60924636758794,34.91624879354142
32.609471793587936,34.916263955541446
32.60969824958793,34.916247289541445
32.610598750587826,34.916181015541504
32.611502009587696,34.91624167254157
32.61218107258765,34.91628727454164
32.612399991587594,34.91544158354167
32.61261137558747,34.914624974541695
32.61271295458748,34.91443147154171
32.613147066587395,34.91360450254175
32.6131558755874,34.91358772254176
32.613751960587386,34.91437167154181
32.6140185885874,34.914722336541814
32.61403837058735,34.9147483535418
32.613979716587444,34.91596678154176
32.61393625258747,34.91686950654173
32.61454455958743,34.91742562354173
32.614956221587455,34.91780197254177
32.614969023587484,34.91781367654175
32.615560592587364,34.917027070541856
32.615809466587244,34.91669613854188
32.61582103858728,34.916680750541886
32.61578321358724,34.91596371854189
32.61576867758725,34.91568817954191
32.61578401458722,34.91557605254192
32.6159088685872,34.91466320354198
32.61591145958717,34.91464425854196
32.61713487758709,34.91542473554198
32.61845842958696,34.9162691215421
32.61916394258691,34.916217155542164
32.619615924586874,34.91618386354218
32.62006747058681,34.91621419854217
32.62078621458676,34.91626248554225
32.620807811586765,34.91626393654226
32.62074618858683,34.91754381154224
32.62070834958686,34.918329570542205
32.62097460158686,34.91860921554218
32.62121269758683,34.9188592895422
32.62142586658685,34.919139662542214
32.622306450586834,34.92029788354221
32.62278046158673,34.919667627542296
32.62301598858673,34.91935446054234
32.62367943058662,34.91939911554237
32.623916630586606,34.919415081542375
32.624356706586546,34.919130622542426
32.624796690586464,34.91884622054241
32.625032707586456,34.91886211454244
32.625257799586436,34.91887727354249
32.62548443458641,34.91886059254249
32.62571766158639,34.91884342554249
32.62638000858634,34.9191219195426
32.627181926586246,34.91945910454261
32.62819220858613,34.91938471054271
32.6288543095861,34.91933595454277
32.62909103058605,34.919647354542754
32.62931794258608,34.91994585354275
32.62954446658601,34.91964467254278
32.629765524585984,34.91935075654283
32.63089496058591,34.920439897542856
32.63201569258586,34.921520680542905
32.63225229758584,34.92150327454293
32.633604381585705,34.921403808543005
32.63495852958558,34.921494875543104
32.63519170258554,34.92151055654312
32.63585850458544,34.9212254385432
32.63657673058538,34.920918326543244
32.63721215958535,34.921754249543284
32.63742542758532,34.9220348145433
32.63833524758524,34.92228197854334
32.64013406758515,34.92277066654348
32.640151715585105,34.922775461543466
32.64171628458485,34.921476486543625
32.64239498158476,34.920912984543676
32.643073614584715,34.92147007254375
32.6437753605847,34.92204614454374
32.643787606584674,34.92205619754377
32.643751746584734,34.92280071254373
32.643727921584755,34.923295320543716
32.6444456525847,34.92378564054375
32.644915608584725,34.924106696543795
32.64492469558466,34.92411290454379
32.64533151358455,34.92305789154382
32.645554503584485,34.92247959254386
32.64623068358446,34.92252505854393
32.64646774758442,34.922540998543916
32.6466803015844,34.92225830754394
32.647253952584265,34.92149535554402
32.647377284584365,34.92256373554398
32.647587623584414,34.92438601454395
32.647801019584406,34.924666767543975
32.64849054658436,34.92491612654402
32.6491800155843,34.925165468544044
32.64984347058426,34.92544450254408
32.651172698584126,34.92600355854415
32.654360467583835,34.92649753654439
32.65839741758345,34.927123153544684
32.658426742583465,34.927127698544645
32.65931416758327,34.92594736854474
32.65952549258325,34.92566628754481
32.65976300858318,34.925414034544836
32.66000054358312,34.925161758544846
32.66021260658314,34.92487973754488
32.6604260875831,34.92459582954486
32.66066183358308,34.92461169654491
32.66093244558306,34.92462990954496
32.66095456758302,34.924631398544975
32.66089141558309,34.925941493544855
32.6608759145831,34.926263008544844
32.66292172858298,34.92700289654503
32.66420475658286,34.92746693254508
32.66421723858286,34.927471447545074
32.66495590158273,34.92699402954516
32.665405968582704,34.92670313454517
32.665626004582656,34.92699274554519
32.666385925582645,34.9279929655452
32.669237383582335,34.92778320654543
32.669472999582304,34.92776587354545
32.669687262582265,34.92804788954548
32.670176801582286,34.928692235545476
32.67230026258212,34.928867180545616
32.675100216581804,34.929097871545814
32.67755497258154,34.928847651546015
32.677596141581525,34.92884345454602
32.678254520581454,34.92855532554605
32.678956128581326,34.92824827354613
32.678981603581384,34.92823712454615
32.67892892658131,34.92748660054615
32.678833291581256,34.92612420354623
32.67915077658118,34.92615339654622
32.67937688158118,34.92617418754625
32.679604107581156,34.92615188754626
32.67983836658116,34.926128896546295
32.680502648581104,34.926414961546286
32.68116467658102,34.92670006154638
32.681858236580965,34.92694467154639
32.68255189058093,34.92718931854644
32.68276125458091,34.92747515554646
32.683326154580875,34.928246401546474
32.6845648405807,34.92720215854658
32.685522398580574,34.92639488754669
32.685915792580566,34.9269319495467
32.68647574458055,34.92769640954672
32.6870435385805,34.92799390654673
32.68771254058045,34.9283444375468
32.68785284458047,34.928417951546805
32.68952574358025,34.928253837546926
32.69059404758012,34.928149031547036
32.69063353258011,34.928145157547014
32.691776736579975,34.92718129354713
32.69244122957984,34.92662102854719
32.69425667057969,34.92690634954728
32.69783853357931,34.92746932054755
32.697850040579326,34.927471129547584
32.69809382157938,34.9290286755475
32.698351123579485,34.93067275354749
32.69845676957948,34.93101031354748
32.69924502757956,34.93352905854747
32.69925336357952,34.93355569454745
32.70216511757935,34.93541360754758
32.704127144579104,34.93495441054776
32.7047405105789,34.931945100547914
32.706027784578794,34.932777786548
32.7059529425791,34.93773029254782
32.70881344757902,34.94123414854786
32.713037511578655,34.94324648354812
32.72246817157784,34.94562768954874
32.72612076457748,34.946320320549
32.731153482576985,34.947524866549294
32.73894617057629,34.94862880654985
32.74643076457552,34.9497391515504
32.77223926057302,34.95298380255218
32.77253491957305,34.95334634055218
32.77659252457263,34.95333494755252
32.77719553557253,34.95368765155251
32.77747371557252,34.953706399552516
32.779749505572276,34.95385977855268
32.780658832572186,34.95412146755277
32.78083597257219,34.9541724465528
32.78245563957202,34.954385905552876
32.783808167571905,34.95438212255299
32.78606239357167,34.95437581655312
32.78700313757159,34.95464657255322
32.78714885857152,34.95468851255322
32.78967021057131,34.95489947855341
32.78986202057126,34.95489894355342
32.790571898571216,34.954896961553494
32.79147358557113,34.95489444355353
32.79147416357113,34.955184648553534
32.79147464757113,34.95542820755353
32.79192549157107,34.95542695055355
32.792827179570985,34.95542443855364
32.794179710570845,34.955420669553675
32.79508139757076,34.95541815655378
32.79598308457069,34.955415643553835
32.79643392757066,34.95541438755391
32.79733561457056,34.95541187455394
32.79733617057055,34.95569184455393
32.797336674570566,34.955945672553916
32.799380414570344,34.95593998855409
32.80139426457017,34.955934387554265
32.80139476057015,34.95618451555424
32.80139532257021,34.956468209554195
32.802450074570025,34.95631262655429
32.80300181557002,34.956231239554384
32.80419887456986,34.955876134554444
32.80564732356968,34.95544644255455
32.805579823569694,34.95538504855454
32.805354114569695,34.95517975755454
32.80499888456968,34.95485666455456
32.804584558569715,34.95475233955449
32.80395044056979,34.95459267355446
32.80499781956967,34.95432282055457
32.80501512656967,34.95432535555454
32.80605659556956,34.954477902554615
32.80619925156957,34.95449879855467
32.80634853756959,34.95484924055462
32.80680437956955,34.955919335554675
32.80715700056954,34.955877593554675
32.80873198956939,34.955691148554806
32.80885763056932,34.955676274554776
32.80973517456922,34.955376878554866
32.81207118556893,34.95457986155509
32.81240568856891,34.9545402475551
32.813845418568725,34.95436974255519
32.81446551156864,34.95429630355522
32.82077622956799,34.95374468055576
32.82544116856752,34.95442237455605
32.82603790956755,34.95624828355604
32.8258541505677,34.95803217755598
32.82700014356769,34.95971907755598
32.82968906356756,34.962257436556136
32.830715671567575,34.96439678255612
32.83101642456757,34.96510936855612
32.831026462567586,34.96516758655611
32.831169574567625,34.965997573556066
32.83136090356761,34.96599706255608
32.831620415567556,34.96599636855612
32.83162143156757,34.96653037255612
32.831621646567584,34.96664376755611
32.83162367956769,34.96771640455606
32.83162446556771,34.96813238455606
32.831625472567715,34.96866638855606
32.83140006656777,34.968666983556005
32.83117463156779,34.968667579556
32.83117641656784,34.96961768255594
32.8311764245678,34.96962211155593
32.83117663756784,34.96973558255596
32.83147736056786,34.97044819055597
32.83163047256788,34.97133640955595
32.831867275567845,34.97133579055598
32.83208131356783,34.97133523155598
32.83208230756787,34.97186919955598
32.832083298567916,34.97240324555596
32.83229736656784,34.972402688555945
32.83253413956787,34.97240207255599
32.83253523256788,34.972992761555965
32.832536114567915,34.97347009255595
32.83272744856791,34.973469597555976
32.83298695556784,34.973468925556
32.832989901567984,34.97507096255591
32.83344074256792,34.975069803555954
32.83344269556795,34.97613783355591
32.83389353656794,34.97613668055596
32.833894509567976,34.97667069855596
32.83434535056791,34.976669547555986
32.83434584156795,34.976939698555974
32.834346321567956,34.97720356755595
32.83478667756793,34.97720244655594
32.834797162567895,34.97720241955596
32.83479718556791,34.97721483855599
32.83479813156795,34.977736443556
32.8350208995679,34.97773587755595
32.835248972567875,34.977735297555974
32.83524993856793,34.97826932355597
32.83525090256796,34.978803349555996
32.83525186356797,34.979337375555936
32.835702704567915,34.979336238555994
32.83570366456798,34.979870267555974
32.83570366456797,34.97987038355594
32.83570462056801,34.98040429655594
32.83585113356801,34.98040392855593
32.835938335567946,34.98040370955597
32.83615546256798,34.98040316355596
32.83630264556792,34.97995376955603
32.8363796575679,34.97971862855601
32.83641260256789,34.97981796755604
32.836501696567865,34.980086610556
32.836606303567905,34.980402031555975
32.83660725856796,34.980936066556005
32.836608210568,34.981470100555995
32.835978507568214,34.98445774755583
32.83543310056833,34.985454400555724
32.83554796256839,34.98605555455573
32.83481331256843,34.986280820555635
32.8345116385685,34.986990808555646
32.83425064756854,34.987147997555596
32.83391348656856,34.987351061555586
32.83355179256868,34.988049553555506
32.833511152568676,34.988128035555484
32.8327883855688,34.98842175055543
32.83184642056891,34.988804535555346
32.83121310556904,34.99002752055527
32.83121302756903,34.990027652555234
32.83121394956909,34.99056165655526
32.83086594656913,34.99056249055521
32.82941058156927,34.99056597855511
32.82931766056933,34.99084958755511
32.82918632656936,34.99125043355509
32.82905362056928,34.99085020055509
32.828959738569296,34.99056705955508
32.828508896569396,34.99056813955506
32.82850953856938,34.99094424355504
32.828509807569404,34.99110212555504
32.828406921569425,34.99110237155503
32.828058965569426,34.99110320355502
32.82791379956949,34.99186223655499
32.827819272569556,34.99235647455495
32.82670801356961,34.991907461554845
32.826069235569655,34.99164936355486
32.826001382569714,34.991785543554805
32.82584023656971,34.992108960554795
32.825806568569774,34.99217653155476
32.82550838856984,34.99289059255474
32.825447339569834,34.99325248355472
32.82535843156987,34.99377950655472
32.824909381569995,34.99484849955464
32.824852815570004,34.99498276155463
32.82437432357012,34.99611846355457
32.82430945757013,34.99627241955453
32.824010367570175,34.996452495554536
32.82401213657027,34.997520414554465
32.8234121815704,34.998944302554385
32.82311308757039,34.999124366554355
32.82281133857055,34.99983421855431
32.822434213570595,35.000061254554275
32.822213148570604,35.00019433855425
32.82214628157065,35.00035163455426
32.82206227157064,35.000549259554255
32.82168982857068,35.0007715195542
32.82086235657083,35.001265314554146
32.820675696570824,35.001704382554095
32.820509497570896,35.00209531555409
32.82015858957097,35.00218003955403
32.81951155557104,35.00233625855399
32.819209787571076,35.003046070553914
32.8186115875712,35.00340615455388
32.81852689857122,35.00368089055386
32.81807598757132,35.0051436365538
32.81795550457136,35.005534468553755
32.818375767571474,35.0074307865537
32.81858828457147,35.00838976355372
32.82019768057132,35.00853939855379
32.82242344357106,35.008322678554
32.82252168757116,35.009737907553934
32.814347543572104,35.0115220745533
32.813911637572325,35.01438152455314
32.81256119257254,35.015764362553035
32.81298357857272,35.01918856255293
32.81391956857267,35.01968089755296
32.81412862757265,35.019967229553004
32.812957164572786,35.020234642552865
32.81307013257295,35.02346854855276
32.813953324572864,35.02342530855284
32.81389786357301,35.02515682055279
32.812805938573234,35.027610549552655
32.80894723357365,35.02824277855229
32.808515166573805,35.02938983355221
32.809611921573776,35.03058916555224
32.811720474573896,35.03697073755222
32.81360188957363,35.03618591155239
32.81255468157353,35.031975000552436
32.815326278573146,35.03069066255267
32.81520867757295,35.027318111552816
32.815586764572856,35.02611436655288
32.816378747572934,35.02905949255281
32.817268410573035,35.032049973552816
32.81979639757306,35.03676435855284
32.82053803857306,35.0386178125528
32.82610589757287,35.044708943553005
32.826291462572826,35.044911975553
32.82790732557278,35.04638158155307
32.83072903557262,35.04894805455319
32.83198634757255,35.05009170455327
32.83220352457258,35.05036850455326
32.833105867572456,35.050900962553335
32.83317039557244,35.050900851553315
32.83355671157243,35.050900187553374
32.8335570905725,35.051210173553365
32.833557364572485,35.05143420555336
32.83445970357243,35.051966682553385
32.83581352957234,35.0530324355534
32.83716734657225,35.05409821955354
32.83852115457213,35.05516403655356
32.83897199757212,35.055163282553615
32.83897263357215,35.055697333553596
32.83987495257211,35.05622988555363
32.84032579557206,35.05622913655366
32.84032611157205,35.05649616655364
32.84032642657207,35.056763195553664
32.840777269572044,35.0567624495537
32.84122811257202,35.05676170355371
32.841228427572,35.05702873555373
32.84122874157203,35.057295767553704
32.84167958457201,35.057295023553735
32.84288149557186,35.0580065325538
32.843033364571916,35.05836094355382
32.84378380557182,35.05853913255386
32.84438651557178,35.05889281155389
32.8455884165717,35.059604363553944
32.84574028157174,35.05995878755395
32.84649071957163,35.06013699455399
32.84709342457159,35.06049069555402
32.84829531657155,35.06120229055406
32.84844717657151,35.06155672755407
32.849136386571445,35.06180768455416
32.85295802157118,35.06368604255439
32.85746882657082,35.065815574554584
32.86197959457046,35.067945316554884
32.86256159857044,35.06815192755492
32.86287909657038,35.06826463955494
32.865621382570154,35.06949300955508
32.86628137957012,35.06978865855511
32.866490323570126,35.07007527655513
32.867716274569986,35.07028484855525
32.87037738256982,35.07134162755536
32.8705496055698,35.071671879555375
32.872018495569684,35.071882418555525
32.872455351569585,35.07194503555551
32.873565717569555,35.072460381555565
32.874157463569475,35.07273502955561
32.875344302569374,35.07312479555569
32.87627404456931,35.073430136555736
32.87673751256923,35.07364526755578
32.87821670756914,35.07433188955584
32.880921958568884,35.075129208556035
32.88182453856882,35.07539523755609
32.884155014568606,35.076180626556216
32.88428008456863,35.07622277755622
32.88588319856844,35.07645802355633
32.887290813568335,35.07705439455644
32.89392125156778,35.07887284355687
32.90228599456701,35.08071146155744
32.90997683856619,35.08148591355795
32.91713262256536,35.07966287955856
32.91962259156498,35.0775954985588
32.921347501564554,35.073125088559074
32.921238514564386,35.071001552559125
32.919902422564505,35.070276920559095
32.919476348564515,35.069713013559074
32.91897262556454,35.06918067955905
32.91902453256448,35.06812510855909
32.91893944956437,35.066468920559174
32.92013647356428,35.06655163055922
32.920986433564174,35.066490280559265
32.925973363563756,35.06860322055959
32.93029644156338,35.069696618559895
32.93117335256329,35.070259914559934
32.93210093656324,35.07076310555998
32.93428292456311,35.07216490956006
32.94021826156251,35.0728895355605
32.94200602256235,35.0734545845606
32.9435871425622,35.073166900560736
32.94517392456205,35.07342171856086
32.949206531561664,35.0742483905611
32.95870065556068,35.075006079561774
32.96519937556006,35.07579986656226
32.972777233559384,35.07783285356275
32.976649574559104,35.079436929562966
32.98188970255863,35.08091008556333
32.9830430655585,35.0808542835634
32.98436918355837,35.08091473156349
32.98987377155785,35.08204424556388
32.9966638975573,35.084857992564295
33.00514863055654,35.08724448156484
33.01010580255612,35.088868122565124
33.01077615955598,35.08800740156523
33.011461201555946,35.08888307656523
33.012815672555796,35.08881755856534
33.01279118955587,35.089571246565306
33.02060256055517,35.09176924456584
33.02452260155486,35.093126090566045
33.02769651555459,35.09417209356625
33.03083611455432,35.09525898156648
33.03297626855409,35.095861470566554
33.03491001855392,35.095768021566755
33.03842797555367,35.0979726645669
33.04027543755347,35.097883541567036
33.04247384255328,35.09879541456717
33.04346346355324,35.10006095556723
33.0445561285532,35.10067166956728
33.04662828055295,35.100571745567464
33.04707912755293,35.10059238856747
33.047755344552826,35.100559837567516
33.048530402552736,35.10059539056759
33.050726470552576,35.1019719075677
33.05655685955205,35.1027019325681
33.05748881955196,35.103286157568164
33.06184949839485,35.10390082399344
33.09330445919769,35.103865044514606
33.09338805754818,35.103757650570785
33.09440572225733,35.10370857280118
33.09440575228825,35.10374575368426
33.09439234435506,35.103863806060886
32.10628255863225,34.777839318509216
32.106676397632214,34.77737293050925
32.16019482562766,34.79411980551257
32.15990716662763,34.793930963512544
32.159610867627634,34.79373645151258
32.15959846262768,34.79372830751253
32.15938980262779,34.794967396512504
32.159840684627746,34.79496538051251
32.16000825962767,34.79456526851252
32.160188553627634,34.79413478051256
31.63697515366555,34.522150232483675
31.63652143766559,34.52162649748366
31.63697233666552,34.521623203483664
31.63717153366522,34.516730318483866
31.637400616665218,34.51740366048386
31.6371232346655,34.520979501483744
31.63752112466545,34.52143879148372
31.637403451665268,34.51793069148385
31.63785151466515,34.517400345483885
31.637854349665236,34.517927379483886
31.638305247665187,34.51792406648389
31.6383080806652,34.518451102483915
31.63785718266527,34.51845441248384
31.63832784866545,34.522140356483796
31.638778747665395,34.52213706448379
31.638784375665445,34.52319114248379
31.6392127066651,34.51897152448394
31.638310910665208,34.5189781384839
31.639209876665117,34.518444483483954
31.638357023665314,34.52090575348383
31.639422910665292,34.52154829448388
31.639666433665127,34.519495260483936
31.639215535665176,34.51949856548391
31.63966360466511,34.51896821648402
31.64072928066505,34.51975435048406
31.64023683266511,34.52069370948396
31.68058302966299,34.553881003485756
31.680980803662997,34.554340646485784
31.68187991266285,34.553807076485846
31.68133107966293,34.55399139148581
31.681482136662858,34.55334743148587
31.68213578966282,34.554332597485846
31.68252884966279,34.55386743448589
31.682686461662797,34.554509250485914
31.68358825766271,34.554502968485956
31.68359094266271,34.55503026348593
31.6826891466628,34.55503654148586
31.684141614662675,34.55520692248599
31.683748549662727,34.55567208948592
31.685046938662623,34.555894277486004
31.684498102662747,34.55607858748597
31.684649170662667,34.555434608485996
31.793957885655626,34.626587836491545
31.793053696655715,34.626065523491526
31.79395548965558,34.626059907491566
31.794271720655505,34.62534786749162
31.795440130655404,34.62582458149167
31.796212367655425,34.62657381049173
31.796363780655337,34.62592916349177
31.796761297655312,34.62638968149172
31.796860779655358,34.62691560449178
31.797251235655388,34.628321505491755
31.798135445655184,34.62582235549189
31.797111762655252,34.626040253491766
31.79735941065523,34.625352462491854
31.818633599653836,34.638926586492936
31.81971115565365,34.638045499493025
31.819445416653764,34.63928495849298
31.820162051653618,34.63804274749303
31.819708804653626,34.637517423493065
31.820159700653555,34.63751466849306
31.82854863365249,34.634465537493774
31.83331061965214,34.63669400949405
31.838217864651636,34.63654674549446
31.83616075265189,34.63714749049426
31.833939637652172,34.637828769494085
31.828125039652587,34.63510755349374
31.826390296652775,34.635076810493594
31.8234511996531,34.63565570849339
31.820839403653466,34.637251754493164
31.82162896565332,34.63570491349322
31.82435959165298,34.63459145649351
31.83952597265239,34.65146125049402
31.84111107965224,34.6519422244941
31.843680431652135,34.654274145494206
31.843129901652194,34.65409660849422
31.843523310652095,34.65363104349426
31.84425646165196,34.65245983449433
31.84277177965213,34.6526948714942
31.843088153652083,34.65198254249424
31.844131326652057,34.65427146949425
31.843682714652193,34.654802359494234
31.922903951646212,34.692809513498666
31.923301228646245,34.69327094449871
32.05191559263612,34.74758921250623
32.052369138636145,34.748325648506245
32.053270911636005,34.74832117550632
32.05327281563607,34.748850597506305
32.05237104163617,34.74885506550621
32.054310537635956,34.749060022506356
32.05352026763609,34.74952163250628
32.055653137635844,34.749685579506455
32.05462927663599,34.749902755506355
32.05487756863589,34.749213358506395
32.085747977633694,34.765960239508075
32.08776260663354,34.766446890508206
32.091217984633246,34.768789139508364
32.091370094633255,34.76814264550843
32.09176709863323,34.76860524050845
32.09243654563319,34.769098358508465
32.09322688263309,34.76863671650855
32.10566979563219,34.775607091509194
32.10521711663222,34.77507947550919
32.10566800063215,34.77507736550925
32.1058201416321,34.77443078050926
32.10621712263209,34.7748934745093
32.10686492063205,34.77465816350937
32.10646793963202,34.77419546650931
32.10701705863193,34.774011569509355
32.10701525763192,34.77348183550937
32.107466141631875,34.77347971750941
32.107467942631885,34.77400945450942
32.10771455763182,34.772789984509444
32.108490036631736,34.773262672509475
32.10778804263193,34.77530257250937
32.108190380631854,34.77439147750944
32.158930318627654,34.79231923651256
32.158477709627675,34.79179123351256
32.15892859162762,34.79178920151258
32.15932753362755,34.79105043951263
32.16134205062733,34.79153801451277
32.163584553627175,34.79206314851291
32.16163560862734,34.79230706151279
32.1620000196273,34.791578141512815
32.165840685626925,34.792583069513014
32.16389174162714,34.79282697851288
32.164256155627044,34.79209804151297
32.32943054661306,34.84659453852321
32.32982461961305,34.84612729352323
32.467588959600704,34.88080121853216
32.468941551600544,34.88079638053226
32.46894291760058,34.88132822953228
32.47074500760035,34.880789929532426
32.46894018360046,34.88026453153232
32.4707436396003,34.88025807053246
32.47305254560004,34.87998970153261
32.47109925860024,34.879711165532484
32.474093359599905,34.87917814553274
32.8362501325678,34.978083995556084
32.83570077956787,34.978268180555986
32.8358539185678,34.97761668055602
32.82627591957039,35.003388893554465
32.82645665657029,35.00216044455452
32.82684786757026,35.00309740955453
32.82727356957016,35.0016019275546
32.82672417957023,35.001785949554545
32.826877441570204,35.0011345545546
32.82772267657007,35.000532939554624
32.8271732895701,35.000716968554606
32.827326545570074,35.00006556855465
32.827890779569955,34.9998074525547
32.82749954456994,34.9988704905547
32.8280714805699,34.99857897555473
32.82825217056978,34.9973504925548
32.828643417569765,34.99828745555481
32.82906906056966,34.9967919205549
32.82851967856977,34.99697597555482
32.828672915569655,34.99632455955487
32.82951812756954,34.995722886554965
32.828968747569625,34.99590694955491
32.829121978569574,34.99525552755491
32.82996628856941,34.99411984655504
32.82941691056952,34.994303920554984
32.829570133569455,34.993652492555036
32.82986595656938,34.993234869555046
32.83001917256932,34.99258343755508
32.830415332569295,34.993050788555095
32.83031408556923,34.99163181155513
32.83046729356914,34.990980373555196
32.83086345956917,34.9914477195552
32.82582678757047,35.00445784955437
32.82582848857056,35.00552579155435
32.8256536865706,35.0060590645543
32.82561520957057,35.00617644755432
32.82560415157061,35.006210181554316
32.82537764557061,35.005526795554275
32.82537728457059,35.00529968755431
32.82537639357055,35.00474005555436
32.8253759445705,35.00445885955434
32.82538601457092,35.01086647655411
32.825566825570824,35.00963805455416
32.82595798057086,35.010575043554184
32.82627763057043,35.00445683955442
32.825825076570425,35.00338990855443
32.8264195975709,35.01263837655412
32.82584014157102,35.01300138255411
32.826033376570855,35.01121484055414
32.826842020570965,35.01388441755413
32.82629261357105,35.01406836255407
32.82644593857096,35.013416991554095
32.82674507557105,35.01513535455406
32.826833199571006,35.0148665785541
32.82696946157093,35.01445097755413
32.82698954257094,35.01451157855411
32.82705039757097,35.014695230554146
32.82719591857093,35.015134397554085
32.82719672457098,35.01566837755409
32.82674588157108,35.01566933055405
32.82674553657102,35.01544083455406
32.827783125570974,35.01596411355413
32.827379117571084,35.01688144355405
32.8146785835726,35.020148840553
32.81428390257266,35.02061786455299
32.815034219572695,35.02263489955297
32.81488084657275,35.02328617155291
32.814484798572735,35.02281876555292
32.8151312405726,35.021384134553
32.814581820572684,35.02156800955297
32.814735185572665,35.020916736553
32.815258646572644,35.02195063155296
32.815485063572645,35.02263398155299
32.81603501557264,35.02281561255301
32.8156403245727,35.023284631553
32.81693925857261,35.02458394555304
32.8163898345727,35.024767804552994
32.81654321557259,35.02411652355305
32.81728921357248,35.02316422955312
32.817135837572536,35.02381551755307
32.816739791572545,35.02334809755303
32.81744258757248,35.02251293955315
32.817838635572414,35.02298035955317
32.81648994357275,35.02565268455298
32.8159405175728,35.02583653655289
32.81609390457275,35.02518526055295
32.919338339564575,35.070881601559
32.918788855564685,35.071065389558974
32.918942501564636,35.070413437559004
